variant,scenario,simulation,source_asset,trades,final_balance,total_return,cagr,max_drawdown,winrate,profit_factor,avg_trade,worst_trade,best_trade,ruined
stable_default,t_clustered_calendar_jump,0,BTC,207,12161.790035606971,0.2161790035606972,0.039918969231296675,0.3644081786026271,0.42995169082125606,1.084877563288165,0.0017405883773916983,-0.10261424918060322,0.1874614070357001,False
simple_long_continuation,t_clustered_calendar_jump,0,BTC,272,12266.926157103513,0.22669261571035126,0.04171076026642173,0.42078341704756483,0.4117647058823529,1.0955243276376727,0.001751474003696527,-0.10261424918060322,0.1874614070357001,False
stable_default,t_clustered_calendar_jump,1,BTC,219,12963.242003565854,0.29632420035658535,0.05327730309172973,0.41220646505779124,0.4611872146118721,1.0798230247410974,0.0015817394352061124,-0.31174395780292424,0.21684406682362267,False
simple_long_continuation,t_clustered_calendar_jump,1,BTC,256,7665.381579330497,-0.2334618420669503,-0.051785142973893694,0.48684718833180995,0.43359375,0.99819136598204,-3.574689022913815e-05,-0.31174395780292424,0.21684406682362267,False
stable_default,t_clustered_calendar_jump,2,ETH,195,30009.17186875735,2.0009171868757347,0.24580710150669605,0.1490751821462004,0.517948717948718,1.6334662317652024,0.010289329890760241,-0.18810253868440863,0.30146558465916784,False
simple_long_continuation,t_clustered_calendar_jump,2,ETH,227,27388.04610722434,1.738804610722434,0.2232415096495235,0.182940150664042,0.4977973568281938,1.4554566610904303,0.00769918284462006,-0.18810253868440863,0.30146558465916784,False
stable_default,t_clustered_calendar_jump,3,ETH,212,14018.357606609672,0.40183576066096727,0.06989073566401105,0.7234389271318447,0.42924528301886794,1.1453822210081706,0.0032957521952576654,-0.2526552145082277,0.7024006548138878,False
simple_long_continuation,t_clustered_calendar_jump,3,ETH,247,9144.901252504573,-0.08550987474954275,-0.01771886345218876,0.7593138589434556,0.4048582995951417,1.0617163803866387,0.00137206233038443,-0.2526552145082277,0.7024006548138878,False
stable_default,t_clustered_calendar_jump,4,ETH,202,21772.879772144905,1.1772879772144904,0.16837747288690275,0.3945830206773123,0.48514851485148514,1.319470256584775,0.005904316920065458,-0.1336744449414862,0.14944034386475313,False
simple_long_continuation,t_clustered_calendar_jump,4,ETH,229,19301.002236635006,0.9301002236635005,0.14055431583038347,0.5114000716897971,0.4585152838427948,1.222611173937025,0.004216332768427441,-0.1336744449414862,0.16179025274472722,False
stable_default,t_clustered_calendar_jump,5,BTC,211,15228.429143769146,0.5228429143769147,0.0877548325067039,0.5278379770878161,0.45023696682464454,1.1673280692175394,0.0031936351843225037,-0.19657317862583298,0.22387510431901173,False
simple_long_continuation,t_clustered_calendar_jump,5,BTC,266,11504.71838579971,0.15047183857997104,0.028431093238385774,0.5006350891815418,0.42857142857142855,1.0729464586968844,0.0013914446975074218,-0.19657317862583298,0.22387510431901173,False
stable_default,t_clustered_calendar_jump,6,ETH,202,6296.312384883373,-0.37036876151166276,-0.08837284460900696,0.5972401794964397,0.4207920792079208,0.9195035339545337,-0.0016970050395351977,-0.09042063701902708,0.12952937702401068,False
simple_long_continuation,t_clustered_calendar_jump,6,ETH,246,1814.3213735359295,-0.818567862646407,-0.289207489029656,0.8257388165632514,0.3902439024390244,0.7524765009468528,-0.005603513953801901,-0.3520256346059641,0.12952937702401068,False
stable_default,t_clustered_calendar_jump,7,ETH,206,22336.068423371093,1.2336068423371094,0.17436025957720402,0.2209493439601099,0.4854368932038835,1.3405413152217789,0.005988382729791804,-0.08635349338295231,0.22982645745264063,False
simple_long_continuation,t_clustered_calendar_jump,7,ETH,252,23105.069439255778,1.3105069439255779,0.18233747649308008,0.2712340369752029,0.4722222222222222,1.304173440819429,0.005200424380657064,-0.08635349338295231,0.22982645745264063,False
stable_default,t_clustered_calendar_jump,8,ETH,202,7087.255108086761,-0.2912744891913239,-0.06654021378846942,0.6476337398033869,0.41089108910891087,0.9749565857030889,-0.0005409908839674739,-0.19914109774700012,0.17355302666998207,False
simple_long_continuation,t_clustered_calendar_jump,8,ETH,247,3556.199659838323,-0.6443800340161677,-0.18680026729355048,0.7807720314539937,0.3805668016194332,0.8551624363579123,-0.0031372612306641233,-0.19914109774700012,0.17355302666998207,False
stable_default,t_clustered_calendar_jump,9,BTC,216,18429.6796404799,0.8429679640479899,0.13006534581466012,0.24765965398916,0.4444444444444444,1.217717165052436,0.003928715093786157,-0.1057273168236163,0.13066338654355777,False
simple_long_continuation,t_clustered_calendar_jump,9,BTC,266,10282.665842678169,0.02826658426781692,0.005590459950782778,0.5728794614357902,0.39473684210526316,1.0074301570710251,0.0001405630166527001,-0.1409867782844744,0.13066338654355777,False
stable_default,t_clustered_calendar_jump,10,BTC,216,17360.343262613264,0.7360343262613263,0.11663609350905024,0.46876700310260455,0.47685185185185186,1.1934721401254091,0.003834934829084447,-0.3347497750225398,0.1274210913774956,False
simple_long_continuation,t_clustered_calendar_jump,10,BTC,271,8828.587326954226,-0.11714126730457741,-0.024610124261717825,0.5843367423435262,0.41697416974169743,1.014302026112007,0.0002828034357431787,-0.3347497750225398,0.1274210913774956,False
stable_default,t_clustered_calendar_jump,11,BTC,240,33735.11290949996,2.3735112909499962,0.275311963079268,0.13471453462610783,0.475,1.6304459019312232,0.009913322239321938,-0.07731825367103284,0.20340814034473445,False
simple_long_continuation,t_clustered_calendar_jump,11,BTC,278,33214.48534922252,2.3214485349222524,0.2713511069324197,0.15807239275461604,0.4568345323741007,1.535721606217759,0.008370987702911944,-0.07731825367103284,0.20340814034473445,False
stable_default,t_clustered_calendar_jump,12,ETH,204,16452.843670590762,0.6452843670590762,0.10470976831098633,0.3880092387169126,0.47058823529411764,1.174438565455689,0.0035164671679812033,-0.1650253611049257,0.30023561010988054,False
simple_long_continuation,t_clustered_calendar_jump,12,ETH,242,11536.260575643311,0.15362605756433112,0.028994400418487665,0.4838338992775685,0.44214876033057854,1.093249879657955,0.001864690731574167,-0.1650253611049257,0.30023561010988054,False
stable_default,t_clustered_calendar_jump,13,BTC,228,30134.6466459751,2.01346466459751,0.24684716075658986,0.15765646190630223,0.5219298245614035,1.5307634020091854,0.008843935069249232,-0.1495479408679865,0.16447035441357657,False
simple_long_continuation,t_clustered_calendar_jump,13,BTC,281,27085.61990322529,1.7085619903225293,0.22052802518047687,0.16241739098818941,0.4875444839857651,1.3544871525401878,0.006090799008946067,-0.1495479408679865,0.16447035441357657,False
stable_default,t_clustered_calendar_jump,14,ETH,199,7647.813347971826,-0.23521866520281742,-0.052220183307021606,0.4731574026541122,0.44221105527638194,0.9761345883604184,-0.0004871271325833689,-0.13433313690403867,0.18144372959720712,False
simple_long_continuation,t_clustered_calendar_jump,14,ETH,238,7252.9260612309845,-0.2747073938769016,-0.06221636432919131,0.5478698006991974,0.42857142857142855,0.9680846922832845,-0.0006262308332174703,-0.13433313690403867,0.18144372959720712,False
stable_default,t_clustered_calendar_jump,15,BTC,226,18194.490990196908,0.8194490990196908,0.12716626440302825,0.294097161543329,0.4469026548672566,1.2417891063798254,0.00399667179556307,-0.1047766733259465,0.16024535868641232,False
simple_long_continuation,t_clustered_calendar_jump,15,BTC,271,15355.642836512032,0.5355642836512031,0.08956614511113425,0.39425743527309076,0.4095940959409594,1.1467870082741791,0.0024125255684960684,-0.1047766733259465,0.16024535868641232,False
stable_default,t_clustered_calendar_jump,16,BTC,214,23573.236197739843,1.3573236197739842,0.18709053308167922,0.33210438001124454,0.48598130841121495,1.3587059247639592,0.006368862653072575,-0.13227151773191054,0.19048860175891905,False
simple_long_continuation,t_clustered_calendar_jump,16,BTC,253,20892.039778024093,1.0892039778024092,0.15876713388438168,0.31883002447536357,0.45849802371541504,1.2388154827966424,0.004306846257181222,-0.13227151773191054,0.19048860175891905,False
stable_default,t_clustered_calendar_jump,17,ETH,217,13388.34756922866,0.338834756922866,0.06009648784882615,0.5650324300815106,0.41935483870967744,1.1450683475545496,0.003158412649214333,-0.15149694108091627,0.3280196552818649,False
simple_long_continuation,t_clustered_calendar_jump,17,ETH,265,6682.291864588326,-0.33177081354116744,-0.0774602496241471,0.7693267347442092,0.4,1.0046262438020719,0.00010424128479941057,-0.15902946228995665,0.3280196552818649,False
stable_default,t_clustered_calendar_jump,18,BTC,228,21571.12248684874,1.1571122486848742,0.16620405984872821,0.4754731690783619,0.5043859649122807,1.318784514371128,0.005606330774764933,-0.1428895321164164,0.1243479546127596,False
simple_long_continuation,t_clustered_calendar_jump,18,BTC,254,23679.231047541594,1.3679231047541593,0.18815614651990398,0.4179710306231226,0.5078740157480315,1.34802931781271,0.00583731959459938,-0.1428895321164164,0.1243479546127596,False
stable_default,t_clustered_calendar_jump,19,BTC,244,18720.328643830053,0.8720328643830053,0.13360745609482838,0.4479714203981129,0.47950819672131145,1.187018085412124,0.0035739051818975574,-0.16596265133858917,0.12526802226312836,False
simple_long_continuation,t_clustered_calendar_jump,19,BTC,289,17690.952319649692,0.7690952319649693,0.12085708767802661,0.43338235205674636,0.4532871972318339,1.1441016526951762,0.002661229176349364,-0.16596265133858917,0.12526802226312836,False
stable_default,historical_eth_btc_bootstrap,0,ETH,183,2575.544822638351,-0.7424455177361649,-0.23761591362879675,0.7788780191321469,0.37158469945355194,0.704928131928061,-0.006470782857183137,-0.13758388965027063,0.14395692949225722,False
simple_long_continuation,historical_eth_btc_bootstrap,0,ETH,242,1053.1757652414544,-0.8946824234758546,-0.3624706673720963,0.9014044113952642,0.3181818181818182,0.614366384889786,-0.008447340376640881,-0.13758388965027063,0.14395692949225722,False
stable_default,historical_eth_btc_bootstrap,1,ETH,178,766.7473012712667,-0.9233252698728733,-0.4016842280962406,0.9301849671391517,0.3202247191011236,0.4898774856487525,-0.013423947143205422,-0.1118143539057164,0.11607641156408963,False
simple_long_continuation,historical_eth_btc_bootstrap,1,ETH,218,530.885300203638,-0.9469114699796362,-0.4440955634670325,0.9516610301495595,0.2981651376146789,0.49585250871786235,-0.012543865468118847,-0.1118143539057164,0.11607641156408963,False
stable_default,historical_eth_btc_bootstrap,2,ETH,208,723.6194516556277,-0.9276380548344372,-0.40857177526041843,0.9347587775324546,0.33653846153846156,0.5589098380656214,-0.011444877794001263,-0.15874945118444533,0.16281060410225487,False
simple_long_continuation,historical_eth_btc_bootstrap,2,ETH,276,371.60355386032893,-0.9628396446139671,-0.4823741320279389,0.965857666245492,0.3079710144927536,0.5453730563975022,-0.010924932002604415,-0.15874945118444533,0.16281060410225487,False
stable_default,historical_eth_btc_bootstrap,3,ETH,209,3253.03461379199,-0.674696538620801,-0.20116380040457482,0.8433095122285224,0.3684210526315789,0.7992780279818915,-0.004508712315031325,-0.07287391246240142,0.4424217936764592,False
simple_long_continuation,historical_eth_btc_bootstrap,3,ETH,270,1560.0758634484982,-0.8439924136551502,-0.3103493600315753,0.9094113040131339,0.3296296296296296,0.7194166181358486,-0.006084058673749584,-0.07287391246240142,0.4424217936764592,False
stable_default,historical_eth_btc_bootstrap,4,BTC,214,725.9179723772596,-0.9274082027622741,-0.40819652661628736,0.9274082027622741,0.34579439252336447,0.5679947351258388,-0.010938550468926757,-0.3076044773855482,0.20502487051558835,False
simple_long_continuation,historical_eth_btc_bootstrap,4,BTC,276,257.93839113608846,-0.9742061608863911,-0.5188248422911941,0.9742061608863911,0.30434782608695654,0.5111371538358601,-0.012102583344722053,-0.3076044773855482,0.20502487051558835,False
stable_default,historical_eth_btc_bootstrap,5,BTC,218,3724.037745796942,-0.6275962254203058,-0.17926526331423187,0.6395715774857909,0.38990825688073394,0.8231190378037045,-0.0035815147979532643,-0.19329908324594938,0.13040243382763442,False
simple_long_continuation,historical_eth_btc_bootstrap,5,BTC,279,2488.637225554602,-0.7511362774445398,-0.2428318824583069,0.7511362774445398,0.36200716845878134,0.80053257722697,-0.004045844352520437,-0.19329908324594938,0.13040243382763442,False
stable_default,historical_eth_btc_bootstrap,6,ETH,193,3095.0332751989495,-0.690496672480105,-0.20907907699452866,0.7192206330885367,0.35233160621761656,0.7563929363734906,-0.005216555036262601,-0.07642721939650639,0.12352853969027808,False
simple_long_continuation,historical_eth_btc_bootstrap,6,ETH,249,1563.028907955943,-0.8436971092044057,-0.3100884715921707,0.8735890898506804,0.321285140562249,0.6860369709022985,-0.006626492724874581,-0.07971850171624183,0.12352853969027808,False
stable_default,historical_eth_btc_bootstrap,7,ETH,186,619.4207667117879,-0.9380579233288212,-0.4266799206778975,0.9408909666957738,0.2956989247311828,0.45103039051254906,-0.014034429921470972,-0.1243196160556311,0.10779546864846669,False
simple_long_continuation,historical_eth_btc_bootstrap,7,ETH,247,346.62781762079356,-0.9653372182379206,-0.4895271101439803,0.9662704494962489,0.27125506072874495,0.45584100484526047,-0.012805704745844491,-0.1243196160556311,0.11753786686427642,False
stable_default,historical_eth_btc_bootstrap,8,ETH,209,1402.6042730074573,-0.8597395726992543,-0.3248705831884736,0.8726114630325819,0.3684210526315789,0.6356105410260331,-0.008466745709530273,-0.11547910789659822,0.1159898834443556,False
simple_long_continuation,historical_eth_btc_bootstrap,8,ETH,273,1315.620963355987,-0.8684379036644013,-0.3334600923212315,0.8805115363250478,0.3553113553113553,0.70542988832357,-0.0064816084087633875,-0.11547910789659822,0.12287358425474418,False
stable_default,historical_eth_btc_bootstrap,9,BTC,211,1938.9877027168777,-0.8061012297283122,-0.27969735266133045,0.8190259821237353,0.36492890995260663,0.6757726845995163,-0.006938894645926776,-0.11256151249445674,0.15256294959824124,False
simple_long_continuation,historical_eth_btc_bootstrap,9,BTC,285,804.468754849366,-0.9195531245150634,-0.3959097362115629,0.9228165212144697,0.3192982456140351,0.6119295791937599,-0.008076246491822939,-0.11256151249445674,0.15256294959824124,False
stable_default,historical_eth_btc_bootstrap,10,BTC,207,739.8766506461714,-0.9260123349353828,-0.4059378750304744,0.9352228629938398,0.2995169082125604,0.5366464149290691,-0.011572460170521348,-0.11371496695706478,0.14840014982669852,False
simple_long_continuation,historical_eth_btc_bootstrap,10,BTC,265,385.1437615479194,-0.9614856238452081,-0.47865576735416127,0.9636895690391456,0.2641509433962264,0.5187514051630308,-0.01138290823347366,-0.11371496695706478,0.14840014982669852,False
stable_default,historical_eth_btc_bootstrap,11,ETH,202,1042.843426300245,-0.8957156573699755,-0.3637265208292789,0.9110821831775672,0.35148514851485146,0.5764017413937933,-0.010263440359128538,-0.11578518832509128,0.19374579097021702,False
simple_long_continuation,historical_eth_btc_bootstrap,11,ETH,274,528.4397253119621,-0.9471560274688038,-0.4446086754166829,0.9543572063145738,0.31386861313868614,0.5557538196839528,-0.009956983893320892,-0.11578518832509128,0.19374579097021702,False
stable_default,historical_eth_btc_bootstrap,12,BTC,215,676.7832199442145,-0.9323216780055785,-0.41643408656117675,0.9483472119427723,0.3395348837209302,0.5591704855573233,-0.011450119000050345,-0.11496375468735366,0.11500387022826088,False
simple_long_continuation,historical_eth_btc_bootstrap,12,BTC,288,235.78165185116563,-0.9764218348148834,-0.5273909853610762,0.9820049030000254,0.2881944444444444,0.5088210575610781,-0.012086871185752072,-0.11496375468735366,0.11500387022826088,False
stable_default,historical_eth_btc_bootstrap,13,BTC,212,1087.534751961822,-0.8912465248038178,-0.35836413888925345,0.8920067772037388,0.3160377358490566,0.6128519978721877,-0.009442972616529849,-0.09779040991002769,0.14633869769500416,False
simple_long_continuation,historical_eth_btc_bootstrap,13,BTC,279,401.6130650611919,-0.9598386934938808,-0.47427144486394335,0.9601194452546881,0.2831541218637993,0.5459879348873511,-0.010642765079086574,-0.09779040991002769,0.14633869769500416,False
stable_default,historical_eth_btc_bootstrap,14,BTC,198,1083.0573616346157,-0.8916942638365384,-0.3588933352096335,0.9110074593941926,0.3282828282828283,0.5788994832251344,-0.010265321101586424,-0.11623069679736117,0.15775811421764369,False
simple_long_continuation,historical_eth_btc_bootstrap,14,BTC,275,527.5423791308413,-0.9472457620869159,-0.4447974262334925,0.9525547755510342,0.3054545454545455,0.5823495177878955,-0.009793880498102453,-0.11623069679736117,0.15775811421764369,False
stable_default,historical_eth_btc_bootstrap,15,BTC,188,1366.1447011219416,-0.8633855298878058,-0.3284175470694508,0.8864376439731051,0.30851063829787234,0.5776452525255694,-0.00978370807710849,-0.08864545534430046,0.1260062409321878,False
simple_long_continuation,historical_eth_btc_bootstrap,15,BTC,239,621.1291877415515,-0.9378870812258449,-0.42636401481002184,0.9460090845395542,0.2803347280334728,0.5267498279227638,-0.010877991023440309,-0.08864545534430046,0.1260062409321878,False
stable_default,historical_eth_btc_bootstrap,16,ETH,197,1705.5423186953183,-0.8294457681304681,-0.29794279626243303,0.883826753614382,0.350253807106599,0.6721422792912162,-0.008044114656266085,-0.11009839627934996,0.2570602155699029,False
simple_long_continuation,historical_eth_btc_bootstrap,16,ETH,251,681.8741827214899,-0.931812581727851,-0.41555876543623904,0.9539152512896578,0.30677290836653387,0.5828537265673692,-0.009898725312254927,-0.11009839627934996,0.2570602155699029,False
stable_default,historical_eth_btc_bootstrap,17,BTC,203,141.5982620541683,-0.9858401737945832,-0.5732126046389393,0.9876905753391793,0.2660098522167488,0.34463292169531984,-0.019928892807220183,-0.13097517738388037,0.10715129000522758,False
simple_long_continuation,historical_eth_btc_bootstrap,17,BTC,264,49.92393767311337,-0.9950076062326887,-0.6535330870631165,0.9956969901550398,0.24242424242424243,0.32876847070837123,-0.01915799870676182,-0.13097517738388037,0.10715129000522758,False
stable_default,historical_eth_btc_bootstrap,18,BTC,194,1577.4041161613648,-0.8422595883838635,-0.3088240884663076,0.8555980661370038,0.35051546391752575,0.630840874941174,-0.00852832370885008,-0.15144023933500383,0.2048923656326325,False
simple_long_continuation,historical_eth_btc_bootstrap,18,BTC,254,435.827495745938,-0.9564172504254062,-0.46560433664678214,0.9592946761194795,0.29133858267716534,0.5118656959108082,-0.011434991953168187,-0.15144023933500383,0.2048923656326325,False
stable_default,historical_eth_btc_bootstrap,19,ETH,210,3081.0352423376926,-0.6918964757662307,-0.20979580083713745,0.8091264384301926,0.40476190476190477,0.7839279454550067,-0.004822132151457739,-0.11056407467103337,0.1162838836149247,False
simple_long_continuation,historical_eth_btc_bootstrap,19,ETH,275,1459.7408757198627,-0.8540259124280137,-0.3194576540196511,0.9179094229679146,0.36363636363636365,0.720321480260427,-0.0061562746093263765,-0.11056407467103337,0.1162838836149247,False
stable_default,black_swan_crash_rebound,0,BTC,212,8218.018888549297,-0.17819811114507034,-0.03849083769452044,0.4698387426284596,0.4528301886792453,0.9779420304709799,-0.00045080401080752535,-0.2355888148334378,0.1425868004580452,False
simple_long_continuation,black_swan_crash_rebound,0,BTC,279,3362.743690544847,-0.6637256309455153,-0.19584687626766717,0.7035566246146079,0.4050179211469534,0.8545921359788606,-0.0029598158597398056,-0.2355888148334378,0.1425868004580452,False
stable_default,black_swan_crash_rebound,1,BTC,219,31261.989178821594,2.126198917882159,0.256039570427135,0.378724484626898,0.5159817351598174,1.5748463788820195,0.009735929733311855,-0.11613358541066847,0.2804790984298369,False
simple_long_continuation,black_swan_crash_rebound,1,BTC,258,30434.785658198376,2.0434785658198376,0.2493210269053634,0.39450548550564846,0.4844961240310077,1.483758863769069,0.007929681917932049,-0.11613358541066847,0.2804790984298369,False
stable_default,black_swan_crash_rebound,2,BTC,228,36810.98240580027,2.681098240580027,0.2977632796769307,0.16515004372617592,0.5043859649122807,1.7355869881921806,0.011797376179810366,-0.09564424614762554,0.18098572938808755,False
simple_long_continuation,black_swan_crash_rebound,2,BTC,271,33273.28647926751,2.327328647926751,0.2718009347646464,0.20658174426086617,0.47232472324723246,1.5305602487920253,0.008616642075868894,-0.13433495386282535,0.18098572938808755,False
stable_default,black_swan_crash_rebound,3,BTC,218,30150.691418877046,2.0150691418877047,0.24697990576932605,0.42445822060118665,0.5275229357798165,1.56160892668792,0.00935779835698175,-0.1311167729549226,0.18574795943032682,False
simple_long_continuation,black_swan_crash_rebound,3,BTC,273,27392.406515755254,1.7392406515755252,0.22328045724767698,0.329406115887781,0.47985347985347987,1.3683306056503908,0.0064212434123256685,-0.16371229351869437,0.19496075126586918,False
stable_default,black_swan_crash_rebound,4,BTC,214,39417.882465608265,2.9417882465608267,0.31564481361551877,0.18661046361763767,0.5560747663551402,1.9776688521207755,0.013872264864245852,-0.10608635644906954,0.12992897794752428,False
simple_long_continuation,black_swan_crash_rebound,4,BTC,256,34573.70986997847,2.457370986997847,0.2815902555824066,0.2984263706120598,0.5,1.6392191903587876,0.009737077502992278,-0.10608635644906954,0.12992897794752428,False
stable_default,black_swan_crash_rebound,5,ETH,215,7593.246335173912,-0.2406753664826088,-0.05357653831981535,0.7402592769998975,0.4372093023255814,1.0057977567211631,0.00013196019460323246,-0.19363973712048532,0.1927437365295464,False
simple_long_continuation,black_swan_crash_rebound,5,ETH,254,4279.118239042108,-0.5720881760957892,-0.15613911376561462,0.7755103116246014,0.4094488188976378,0.9109933443802699,-0.0020043015717531197,-0.19363973712048532,0.1927437365295464,False
stable_default,black_swan_crash_rebound,6,BTC,252,17960.439498913332,0.7960439498913332,0.12425128326992851,0.3013296809794672,0.47619047619047616,1.167709656700351,0.0031589045630608485,-0.13093175477435878,0.16102103800971526,False
simple_long_continuation,black_swan_crash_rebound,6,BTC,296,17530.448263960923,0.7530448263960923,0.11881583451773836,0.46749645706313614,0.46621621621621623,1.1335469596604926,0.002558772483439359,-0.21179334903923375,0.16102103800971526,False
stable_default,black_swan_crash_rebound,7,ETH,194,34262.19099048976,2.4262190990489763,0.2792723886558919,0.19354855633247514,0.5,1.7285912405712027,0.012622188072225891,-0.11288349790720062,0.3172251803971675,False
simple_long_continuation,black_swan_crash_rebound,7,ETH,236,27693.524101938194,1.7693524101938194,0.22595814957694227,0.26552447618711117,0.4533898305084746,1.4289691832930702,0.007592533038799439,-0.11288349790720062,0.3172251803971675,False
stable_default,black_swan_crash_rebound,8,ETH,203,30087.445732951648,2.0087445732951648,0.24645632005602724,0.19423803101266712,0.5024630541871922,1.5703539073713502,0.00990625165236973,-0.12731521760563697,0.30228702619976233,False
simple_long_continuation,black_swan_crash_rebound,8,ETH,239,21583.007867509103,1.1583007867509103,0.16633254389363872,0.4927775259726591,0.47280334728033474,1.2606548280763425,0.005128015628833725,-0.5087339907545159,0.30228702619976233,False
stable_default,black_swan_crash_rebound,9,ETH,215,9239.246990382646,-0.07607530096173543,-0.01570038456077505,0.4999159406890272,0.4511627906976744,1.0013846107740143,2.678494493713924e-05,-0.10740464503500956,0.12148613945030397,False
simple_long_continuation,black_swan_crash_rebound,9,ETH,246,5647.493521542716,-0.4352506478457284,-0.10798707282133257,0.6956510347990846,0.43089430894308944,0.9214301340324438,-0.001612491897839121,-0.439941232977528,0.12148613945030397,False
stable_default,black_swan_crash_rebound,10,BTC,220,17165.945617794212,0.7165945617794212,0.11412404295249234,0.4559251027440586,0.42272727272727273,1.1916023712496349,0.0038166230717181153,-0.1650863928237549,0.26093227500152355,False
simple_long_continuation,black_swan_crash_rebound,10,BTC,280,7403.777298417186,-0.25962227015828143,-0.05834748778331711,0.6250651380201416,0.38571428571428573,1.003929436035882,7.985476514890935e-05,-0.1650863928237549,0.26093227500152355,False
stable_default,black_swan_crash_rebound,11,ETH,194,11837.884788827847,0.1837884788827846,0.03431976026306849,0.42990406496923184,0.4329896907216495,1.0573028467453327,0.0011861131414772224,-0.14819462637457376,0.21008568499290983,False
simple_long_continuation,black_swan_crash_rebound,11,ETH,240,6046.18377720578,-0.395381622279422,-0.09573386077567625,0.6074868567910455,0.425,0.9419490214161728,-0.0012241521705351759,-0.14819462637457376,0.21008568499290983,False
stable_default,black_swan_crash_rebound,12,ETH,194,8126.259864923195,-0.18737401350768046,-0.040647655462865195,0.515090033089239,0.4484536082474227,0.9730444768666635,-0.0005303929203918515,-0.10080978409162551,0.14009642820629806,False
simple_long_continuation,black_swan_crash_rebound,12,ETH,244,4137.394827482934,-0.5862605172517066,-0.16180436776459495,0.7266861248329761,0.4016393442622951,0.8508071716422518,-0.0030302621116460736,-0.10080978409162551,0.14009642820629806,False
stable_default,black_swan_crash_rebound,13,ETH,221,14397.269843917027,0.43972698439170266,0.07561296630221337,0.38634889526224614,0.4434389140271493,1.1083188961680535,0.002059778269642492,-0.20515463585168367,0.13233460827934432,False
simple_long_continuation,black_swan_crash_rebound,13,ETH,265,7904.611956379311,-0.20953880436206895,-0.0459390707003936,0.5926836499852048,0.41132075471698115,0.9897375903540967,-0.00019632876331034888,-0.20515463585168367,0.13233460827934432,False
stable_default,black_swan_crash_rebound,14,ETH,172,3121.700712306163,-0.6878299287693836,-0.207720803073972,0.6934004300999457,0.4418604651162791,0.7831323032949542,-0.005259702541027021,-0.2969967570838686,0.11611318990288436,False
simple_long_continuation,black_swan_crash_rebound,14,ETH,225,956.5778658679274,-0.9043422134132073,-0.37461988859720763,0.9066663846470602,0.4,0.6833909724131803,-0.007942601922254525,-0.568267005663401,0.11611318990288436,False
stable_default,black_swan_crash_rebound,15,BTC,241,20256.986566733598,1.02569865667336,0.1516352989042029,0.44600022240813497,0.46887966804979253,1.2536840051715274,0.004765498597791341,-0.19683504813540076,0.21316734308794544,False
simple_long_continuation,black_swan_crash_rebound,15,BTC,295,18140.499381263544,0.8140499381263544,0.12649650248203925,0.49032594125791507,0.43728813559322033,1.1813833091173243,0.003330167410335402,-0.19683504813540076,0.21316734308794544,False
stable_default,black_swan_crash_rebound,16,BTC,248,20515.989582537146,1.0515989582537144,0.15456528182393647,0.2226544319603706,0.45564516129032256,1.2282713018429163,0.004301927353663925,-0.1764251065576944,0.22949743312780355,False
simple_long_continuation,black_swan_crash_rebound,16,BTC,301,18494.914248527533,0.8494914248527534,0.13086422258483665,0.29860466629883065,0.42857142857142855,1.1640820409652548,0.0030424815925908467,-0.1764251065576944,0.22949743312780355,False
stable_default,black_swan_crash_rebound,17,BTC,243,21390.34092541206,1.139034092541206,0.16424274770290292,0.2816796288510419,0.4567901234567901,1.2567112477349405,0.004710927224627323,-0.12007597899295382,0.18515311162710782,False
simple_long_continuation,black_swan_crash_rebound,17,BTC,289,18555.671922938458,0.8555671922938457,0.13160624896967454,0.38051227676926824,0.43944636678200694,1.163382984962244,0.0030960052115560784,-0.12013141851754855,0.18515311162710782,False
stable_default,black_swan_crash_rebound,18,BTC,226,47759.02645473588,3.775902645473588,0.3671340280865696,0.10544134280687989,0.5530973451327433,2.2294489082143403,0.01673794903503461,-0.0949912171378631,0.3598569500238753,False
simple_long_continuation,black_swan_crash_rebound,18,BTC,265,44373.20407780635,3.4373204077806356,0.34717544345328033,0.12292925847375369,0.5094339622641509,1.9097590180528414,0.012996959412169305,-0.0949912171378631,0.3598569500238753,False
stable_default,black_swan_crash_rebound,19,ETH,206,16440.241977616497,0.6440241977616497,0.10454049082164252,0.2898271699147861,0.4563106796116505,1.1589611614856539,0.0031837982439202636,-0.15925243361823388,0.1619862079182501,False
simple_long_continuation,black_swan_crash_rebound,19,ETH,238,12259.801447293392,0.22598014472933925,0.041589725678768064,0.4139759867093231,0.42016806722689076,1.048933709938551,0.0009992369126691704,-0.15925243361823388,0.1619862079182501,False
stable_default,black_swan_slow_decay,0,ETH,199,7711.4002446819195,-0.22885997553180804,-0.050649356786459765,0.6064163870762872,0.40703517587939697,0.9867424861838306,-0.0002893843721829379,-0.1924753851890633,0.16114994268644708,False
simple_long_continuation,black_swan_slow_decay,0,ETH,232,5869.850361314084,-0.4130149638685916,-0.10107096947934058,0.6582486888254482,0.3922413793103448,0.9404655950303477,-0.001294628038513389,-0.1924753851890633,0.16114994268644708,False
stable_default,black_swan_slow_decay,1,BTC,201,16550.999728794563,0.6550999728794562,0.10602475213173501,0.4451576356677477,0.4975124378109453,1.1809482045085828,0.003708105042836814,-0.26835608831378116,0.14480022522625774,False
simple_long_continuation,black_swan_slow_decay,1,BTC,242,10584.139106542287,0.05841391065422874,0.011419000037639737,0.6754932451715581,0.45041322314049587,1.059584647337956,0.0012205194128347653,-0.26835608831378116,0.14480022522625774,False
stable_default,black_swan_slow_decay,2,BTC,243,17962.8138735974,0.7962813873597399,0.12428100695947486,0.3168737722536522,0.4609053497942387,1.1867460888957588,0.003465761347721919,-0.2011026258650265,0.1828659151908319,False
simple_long_continuation,black_swan_slow_decay,2,BTC,281,10608.177890013765,0.060817789001376577,0.011878011846503389,0.3962004942078502,0.4128113879003559,1.0412374686725527,0.000781691897300404,-0.2011026258650265,0.1828659151908319,False
stable_default,black_swan_slow_decay,3,ETH,212,38184.77200366765,2.8184772003667646,0.3073083658486908,0.13321647831599004,0.5283018867924528,1.8399178898884274,0.01329882565724597,-0.11224512458848415,0.19174370021491235,False
simple_long_continuation,black_swan_slow_decay,3,ETH,247,37976.932762646364,2.7976932762646363,0.3058821246054346,0.17488054260954955,0.4979757085020243,1.6855758482363008,0.011330231235765254,-0.11224512458848415,0.19174370021491235,False
stable_default,black_swan_slow_decay,4,ETH,198,10359.676018322652,0.03596760183226522,0.007092205605053525,0.49054146047411396,0.41919191919191917,1.0439752590121845,0.0009386596887356238,-0.13153568430213083,0.2220950086661765,False
simple_long_continuation,black_swan_slow_decay,4,ETH,240,6225.5903100370115,-0.37744096899629886,-0.09043004240731078,0.5532664108680323,0.3958333333333333,0.946828451517347,-0.00115658528489871,-0.13153568430213083,0.2220950086661765,False
stable_default,black_swan_slow_decay,5,BTC,214,7975.771311609689,-0.20242286883903104,-0.04422748241431462,0.6108319958750555,0.4532710280373832,0.9994578309203399,-1.1097052868467024e-05,-0.18016897200487775,0.12314346726948208,False
simple_long_continuation,black_swan_slow_decay,5,BTC,276,7948.050823953025,-0.20519491760469744,-0.04489278210226422,0.629944762883023,0.4384057971014493,1.0035675648019546,6.838189923297513e-05,-0.18016897200487775,0.12314346726948208,False
stable_default,black_swan_slow_decay,6,BTC,239,25572.52741356312,1.557252741356312,0.20657613350117598,0.24892225020144032,0.502092050209205,1.4089915548583858,0.006526584138316269,-0.10121765764257269,0.1445029858735018,False
simple_long_continuation,black_swan_slow_decay,6,BTC,282,22392.913156401028,1.2392913156401026,0.1749573954797401,0.27230268717007255,0.475177304964539,1.266329396978967,0.004418698522344262,-0.10121765764257269,0.1445029858735018,False
stable_default,black_swan_slow_decay,7,BTC,240,11342.93282974265,0.1342932829742649,0.02552221383755593,0.3413212356394607,0.43333333333333335,1.0332181719918399,0.0007002982878668139,-0.1432290702124046,0.23590460708036134,False
simple_long_continuation,black_swan_slow_decay,7,BTC,279,11978.73981489628,0.19787398148962798,0.03676953311288522,0.375483944664294,0.4229390681003584,1.0435356511371592,0.0008690987046723962,-0.1432290702124046,0.23590460708036134,False
stable_default,black_swan_slow_decay,8,ETH,210,6190.663407319386,-0.38093365926806133,-0.09145291708825132,0.6752125130188115,0.4380952380952381,0.9567789001222053,-0.0009308554190776147,-0.2530791136593077,0.22012416061388365,False
simple_long_continuation,black_swan_slow_decay,8,ETH,244,2431.39142705796,-0.756860857294204,-0.24634779137434115,0.8443226701629974,0.38524590163934425,0.8029997645821095,-0.004452485880785364,-0.2530791136593077,0.22012416061388365,False
stable_default,black_swan_slow_decay,9,BTC,220,19507.149407996996,0.9507149407996995,0.14298034459811348,0.38391169082353016,0.4636363636363636,1.2602758023247576,0.004797038864945762,-0.1449131774479647,0.26072988470894365,False
simple_long_continuation,black_swan_slow_decay,9,BTC,272,12135.0239749433,0.21350239749432998,0.03946082828003439,0.6263356470468577,0.4227941176470588,1.09223675831573,0.0016936995015320452,-0.1449131774479647,0.26072988470894365,False
stable_default,black_swan_slow_decay,10,ETH,192,16315.058879249475,0.6315058879249476,0.10285325441925774,0.470841325748935,0.4635416666666667,1.172880231148578,0.003554999172623382,-0.11919586409038384,0.25783318256471854,False
simple_long_continuation,black_swan_slow_decay,10,ETH,228,10435.04383883311,0.043504383883310904,0.00855330196467241,0.6061736247909102,0.4342105263157895,1.0442701747064844,0.0009195798990086363,-0.12698190222808448,0.25783318256471854,False
stable_default,black_swan_slow_decay,11,ETH,208,7155.7069199451125,-0.2844293080054887,-0.06474398730814046,0.49230117832245934,0.44711538461538464,0.9722719093778551,-0.0005733510287958183,-0.14866370780705562,0.16254724429114253,False
simple_long_continuation,black_swan_slow_decay,11,ETH,254,3466.9021839561055,-0.6533097816043895,-0.19092586478228524,0.6690202568042752,0.41338582677165353,0.8523314726687894,-0.00309884811732413,-0.14866370780705562,0.16254724429114253,False
stable_default,black_swan_slow_decay,12,BTC,239,17402.05601260856,0.7402056012608558,0.11717218037843224,0.20892661315259986,0.4393305439330544,1.1485232365235258,0.003097094565944996,-0.1972103032657005,0.20267433952288805,False
simple_long_continuation,black_swan_slow_decay,12,BTC,286,8778.758173596081,-0.12212418264039193,-0.025713651929067938,0.5387600418595879,0.3986013986013986,0.9818188404492244,-0.00039932496853530095,-0.1972103032657005,0.20267433952288805,False
stable_default,black_swan_slow_decay,13,ETH,180,23129.53988686602,1.3129539886866017,0.1825878118431623,0.3167395991954576,0.5,1.3890626240967976,0.007597468032224093,-0.2448297137022575,0.15169799742862838,False
simple_long_continuation,black_swan_slow_decay,13,ETH,210,14435.458638083164,0.4435458638083165,0.07618297505788085,0.5068895583591926,0.44285714285714284,1.1373629818145432,0.0028383651975172333,-0.2448297137022575,0.15169799742862838,False
stable_default,black_swan_slow_decay,14,BTC,236,27019.08413128068,1.7019084131280682,0.21992779016191788,0.45875990164109437,0.5127118644067796,1.447780722305729,0.0074438821589951215,-0.10781678483655033,0.16392867741556447,False
simple_long_continuation,black_swan_slow_decay,14,BTC,288,20293.26536350006,1.029326536350006,0.15204750281222346,0.5353217075828524,0.4618055555555556,1.2349109496833892,0.004040771189982992,-0.10781678483655033,0.16392867741556447,False
stable_default,black_swan_slow_decay,15,BTC,230,25699.706534550012,1.5699706534550013,0.20777387931130953,0.4780014830259377,0.46956521739130436,1.4172801341533445,0.007207181263351631,-0.09425017795062486,0.27932117701100473,False
simple_long_continuation,black_swan_slow_decay,15,BTC,269,24943.476289233353,1.4943476289233355,0.2005808060321499,0.5334970901691078,0.44609665427509293,1.3466848104164146,0.006020202712232931,-0.09425017795062486,0.27932117701100473,False
stable_default,black_swan_slow_decay,16,ETH,186,12889.407279104844,0.2889407279104843,0.052074730068726094,0.44469843788775054,0.4838709677419355,1.1131825999726934,0.0022466183219275408,-0.1289281995843688,0.13712549702344545,False
simple_long_continuation,black_swan_slow_decay,16,ETH,219,8668.469392181752,-0.13315306078182476,-0.028174066865686243,0.5570629252452732,0.45662100456621,1.0124974228916415,0.000256063157641064,-0.1289281995843688,0.13712549702344545,False
stable_default,black_swan_slow_decay,17,ETH,201,18576.08491101059,0.8576084911010589,0.13185511419026152,0.3416159750163138,0.47761194029850745,1.2295789003081263,0.004289124542038147,-0.16923780255534485,0.14830649818252778,False
simple_long_continuation,black_swan_slow_decay,17,ETH,223,17094.528916888965,0.7094528916888965,0.11319546251522161,0.39998323786065304,0.45739910313901344,1.1765629156779185,0.003258499279623396,-0.16923780255534485,0.14830649818252778,False
stable_default,black_swan_slow_decay,18,BTC,221,12574.389183792024,0.2574389183792023,0.04688114890160611,0.3799810532284661,0.4298642533936652,1.083525516584563,0.001766143291974204,-0.17932271127087085,0.2059439469139037,False
simple_long_continuation,black_swan_slow_decay,18,BTC,266,5215.412816038331,-0.47845871839616694,-0.12207434968193775,0.5528884684834392,0.39097744360902253,0.9426428870852298,-0.0012272424987295795,-0.17932271127087085,0.2059439469139037,False
stable_default,black_swan_slow_decay,19,ETH,223,27687.934262467224,1.7687934262467224,0.2259086545210569,0.24515441824060058,0.5336322869955157,1.434063649865777,0.007931809086308162,-0.15233708767648796,0.2346737349355547,False
simple_long_continuation,black_swan_slow_decay,19,ETH,259,20105.300724177498,1.0105300724177497,0.1499054032920557,0.3830395894907721,0.49034749034749037,1.2016439522699525,0.003926221733930759,-0.20689439378201252,0.2346737349355547,False
